fold,train_edges,test_edges,edge_overlap,jaccard_similarity
1,9,7,3,0.23076923076923078
2,11,8,5,0.35714285714285715
3,7,13,5,0.3333333333333333
