Method,Nodes,Edges,Density,Avg_Degree
Expert,22,43,0.09307359307359307,3.909090909090909
Pc,11,11,0.1,2.0
Hill_Climb,22,43,0.09307359307359307,3.909090909090909
