fold,train_edges,test_edges,edge_overlap,jaccard_similarity
1,12,13,8,0.47058823529411764
2,12,13,7,0.3888888888888889
3,12,13,9,0.5625
